,stres,avg_by_store
0,ipsum,907.6923076923077
1,sit,1109.090909090909
2,pellentesque,800.0
3,elit.,1030.0
4,Cras,1090.0
5,﻿Lorem,860.0
6,"amet,",810.0
7,dolor,1236.3636363636363
8,consectetur,1100.0
9,adipiscing,1025.0
