,month,avg_distance,avg_duration
0,1,44.5,109.0
1,2,47.5,126.16666666666667
2,3,18.0,129.0
3,4,57.0,126.5
4,5,54.5,122.25
5,6,87.0,105.0
6,7,73.0,118.75
7,8,44.5,124.5
8,9,47.333333333333336,117.33333333333333
9,10,0.0,0.0
10,11,57.6,124.2
11,12,64.0,125.66666666666667
