indexs,month,working_precetange
0,1,1.6
1,2,0.7
2,3,0.13333333333333333
3,4,0.15
4,5,0.13043478260869565
5,6,0.11538461538461539
6,7,0.0967741935483871
7,8,0.1875
8,9,0.08571428571428572
9,10,0.05128205128205128
10,11,0.12195121951219512
11,12,0.06
